graph,order,size,time,iterations,error,technique,tolerance
"min-1DeadEnd","5","7","0.001","1","0.56355","pagerankMonolithicSeqL1Norm","1"
"min-1DeadEnd","5","7","0.008","1","1.1476","pagerankLevelwiseSeqL1Norm","1"
"min-1DeadEnd","5","7","0.001","1","0.56355","pagerankMonolithicSeqL2Norm","1"
"min-1DeadEnd","5","7","0.008","1","1.1476","pagerankLevelwiseSeqL2Norm","1"
"min-1DeadEnd","5","7","0.001","1","0.56355","pageranMonolithicSeqLiNorm","1"
"min-1DeadEnd","5","7","0.007","1","0.79022","pageranLevelwiseSeqLiNorm","1"
"min-1DeadEnd","5","7","0.001","2","0.081883","pagerankMonolithicSeqL1Norm","0.5"
"min-1DeadEnd","5","7","0.008","1","0.52851","pagerankLevelwiseSeqL1Norm","0.5"
"min-1DeadEnd","5","7","0.001","1","0.56355","pagerankMonolithicSeqL2Norm","0.5"
"min-1DeadEnd","5","7","0.008","1","0.52851","pagerankLevelwiseSeqL2Norm","0.5"
"min-1DeadEnd","5","7","0.001","1","0.56355","pageranMonolithicSeqLiNorm","0.5"
"min-1DeadEnd","5","7","0.009","1","0.79022","pageranLevelwiseSeqLiNorm","0.5"
"min-1DeadEnd","5","7","0.024","3","0","pagerankMonolithicSeqL1Norm","0.1"
"min-1DeadEnd","5","7","0.012","3","0.10405","pagerankLevelwiseSeqL1Norm","0.1"
"min-1DeadEnd","5","7","0.002","3","0","pagerankMonolithicSeqL2Norm","0.1"
"min-1DeadEnd","5","7","0.013","3","0.10405","pagerankLevelwiseSeqL2Norm","0.1"
"min-1DeadEnd","5","7","0.002","3","0","pageranMonolithicSeqLiNorm","0.1"
"min-1DeadEnd","5","7","0.012","1","0.52851","pageranLevelwiseSeqLiNorm","0.1"
"min-1DeadEnd","5","7","0.003","4","0","pagerankMonolithicSeqL1Norm","0.05"
"min-1DeadEnd","5","7","0.012","4","0.054315","pagerankLevelwiseSeqL1Norm","0.05"
"min-1DeadEnd","5","7","0.003","4","0","pagerankMonolithicSeqL2Norm","0.05"
"min-1DeadEnd","5","7","0.011","4","0.054315","pagerankLevelwiseSeqL2Norm","0.05"
"min-1DeadEnd","5","7","0.002","3","0","pageranMonolithicSeqLiNorm","0.05"
"min-1DeadEnd","5","7","0.011","2","0.27588","pageranLevelwiseSeqLiNorm","0.05"
"min-1DeadEnd","5","7","0.003","4","0","pagerankMonolithicSeqL1Norm","0.01"
"min-1DeadEnd","5","7","0.012","6","0.010693","pagerankLevelwiseSeqL1Norm","0.01"
"min-1DeadEnd","5","7","0.002","4","0","pagerankMonolithicSeqL2Norm","0.01"
"min-1DeadEnd","5","7","0.026","6","0.010693","pagerankLevelwiseSeqL2Norm","0.01"
"min-1DeadEnd","5","7","0.002","4","0","pageranMonolithicSeqLiNorm","0.01"
"min-1DeadEnd","5","7","0.013","4","0.054315","pageranLevelwiseSeqLiNorm","0.01"
"min-1DeadEnd","5","7","0.003","4","0","pagerankMonolithicSeqL1Norm","0.005"
"min-1DeadEnd","5","7","0.013","7","0.0055819","pagerankLevelwiseSeqL1Norm","0.005"
"min-1DeadEnd","5","7","0.002","4","0","pagerankMonolithicSeqL2Norm","0.005"
"min-1DeadEnd","5","7","0.013","7","0.0055819","pagerankLevelwiseSeqL2Norm","0.005"
"min-1DeadEnd","5","7","0.002","4","0","pageranMonolithicSeqLiNorm","0.005"
"min-1DeadEnd","5","7","0.013","5","0.0241","pageranLevelwiseSeqLiNorm","0.005"
"min-1DeadEnd","5","7","0.002","4","0","pagerankMonolithicSeqL1Norm","0.001"
"min-1DeadEnd","5","7","0.012","9","0.0010989","pagerankLevelwiseSeqL1Norm","0.001"
"min-1DeadEnd","5","7","0.002","4","0","pagerankMonolithicSeqL2Norm","0.001"
"min-1DeadEnd","5","7","0.014","9","0.0010989","pagerankLevelwiseSeqL2Norm","0.001"
"min-1DeadEnd","5","7","0.003","4","0","pageranMonolithicSeqLiNorm","0.001"
"min-1DeadEnd","5","7","0.013","7","0.0055819","pageranLevelwiseSeqLiNorm","0.001"
"min-1DeadEnd","5","7","0.002","4","0","pagerankMonolithicSeqL1Norm","0.0005"
"min-1DeadEnd","5","7","0.013","10","0.0004876","pagerankLevelwiseSeqL1Norm","0.0005"
"min-1DeadEnd","5","7","0.002","4","0","pagerankMonolithicSeqL2Norm","0.0005"
"min-1DeadEnd","5","7","0.013","10","0.0004876","pagerankLevelwiseSeqL2Norm","0.0005"
"min-1DeadEnd","5","7","0.002","4","0","pageranMonolithicSeqLiNorm","0.0005"
"min-1DeadEnd","5","7","0.013","8","0.0024767","pageranLevelwiseSeqLiNorm","0.0005"
"min-1DeadEnd","5","7","0.003","4","0","pagerankMonolithicSeqL1Norm","0.0001"
"min-1DeadEnd","5","7","0.013","12","0.00011294","pagerankLevelwiseSeqL1Norm","0.0001"
"min-1DeadEnd","5","7","0.002","4","0","pagerankMonolithicSeqL2Norm","0.0001"
"min-1DeadEnd","5","7","0.014","12","0.00011294","pagerankLevelwiseSeqL2Norm","0.0001"
"min-1DeadEnd","5","7","0.002","4","0","pageranMonolithicSeqLiNorm","0.0001"
"min-1DeadEnd","5","7","0.013","10","0.0004876","pageranLevelwiseSeqLiNorm","0.0001"
"min-1DeadEnd","5","7","0.002","4","0","pagerankMonolithicSeqL1Norm","0.00005"
"min-1DeadEnd","5","7","0.013","13","0.000050111","pagerankLevelwiseSeqL1Norm","0.00005"
"min-1DeadEnd","5","7","0.003","4","0","pagerankMonolithicSeqL2Norm","0.00005"
"min-1DeadEnd","5","7","0.014","13","0.000050111","pagerankLevelwiseSeqL2Norm","0.00005"
"min-1DeadEnd","5","7","0.002","4","0","pageranMonolithicSeqLiNorm","0.00005"
"min-1DeadEnd","5","7","0.013","11","0.00025453","pageranLevelwiseSeqLiNorm","0.00005"
"min-1DeadEnd","5","7","0.021","4","0","pagerankMonolithicSeqL1Norm","0.00001"
"min-1DeadEnd","5","7","0.013","15","0.0000098655","pagerankLevelwiseSeqL1Norm","0.00001"
"min-1DeadEnd","5","7","0.002","4","0","pagerankMonolithicSeqL2Norm","0.00001"
"min-1DeadEnd","5","7","0.013","15","0.0000098655","pagerankLevelwiseSeqL2Norm","0.00001"
"min-1DeadEnd","5","7","0.002","4","0","pageranMonolithicSeqLiNorm","0.00001"
"min-1DeadEnd","5","7","0.015","13","0.000050111","pageranLevelwiseSeqLiNorm","0.00001"
"min-1DeadEnd","5","7","0.002","4","0","pagerankMonolithicSeqL1Norm","0.000005"
"min-1DeadEnd","5","7","0.013","16","0.0000051499","pagerankLevelwiseSeqL1Norm","0.000005"
"min-1DeadEnd","5","7","0.002","4","0","pagerankMonolithicSeqL2Norm","0.000005"
"min-1DeadEnd","5","7","0.015","16","0.0000051499","pagerankLevelwiseSeqL2Norm","0.000005"
"min-1DeadEnd","5","7","0.002","4","0","pageranMonolithicSeqLiNorm","0.000005"
"min-1DeadEnd","5","7","0.011","14","0.000026158","pageranLevelwiseSeqLiNorm","0.000005"
"min-1DeadEnd","5","7","0.001","4","0","pagerankMonolithicSeqL1Norm","0.000001"
"min-1DeadEnd","5","7","0.009","18","0.0000010139","pagerankLevelwiseSeqL1Norm","0.000001"
"min-1DeadEnd","5","7","0.001","4","0","pagerankMonolithicSeqL2Norm","0.000001"
"min-1DeadEnd","5","7","0.009","18","0.0000010139","pagerankLevelwiseSeqL2Norm","0.000001"
"min-1DeadEnd","5","7","0.001","4","0","pageranMonolithicSeqLiNorm","0.000001"
"min-1DeadEnd","5","7","0.009","16","0.0000051499","pageranLevelwiseSeqLiNorm","0.000001"
"min-1DeadEnd","5","7","0.001","4","0","pagerankMonolithicSeqL1Norm","5e-7"
"min-1DeadEnd","5","7","0.014","18","5.2925e-7","pagerankLevelwiseSeqL1Norm","5e-7"
"min-1DeadEnd","5","7","0.002","4","0","pagerankMonolithicSeqL2Norm","5e-7"
"min-1DeadEnd","5","7","0.014","18","5.2925e-7","pagerankLevelwiseSeqL2Norm","5e-7"
"min-1DeadEnd","5","7","0.003","4","0","pageranMonolithicSeqLiNorm","5e-7"
"min-1DeadEnd","5","7","0.014","16","0.0000026883","pageranLevelwiseSeqLiNorm","5e-7"
"min-1DeadEnd","5","7","0.002","4","0","pagerankMonolithicSeqL1Norm","1e-7"
"min-1DeadEnd","5","7","0.009","20","1.042e-7","pagerankLevelwiseSeqL1Norm","1e-7"
"min-1DeadEnd","5","7","0.001","4","0","pagerankMonolithicSeqL2Norm","1e-7"
"min-1DeadEnd","5","7","0.009","20","1.042e-7","pagerankLevelwiseSeqL2Norm","1e-7"
"min-1DeadEnd","5","7","0.001","4","0","pageranMonolithicSeqLiNorm","1e-7"
"min-1DeadEnd","5","7","0.01","18","5.2925e-7","pageranLevelwiseSeqLiNorm","1e-7"
"min-1DeadEnd","5","7","0.001","4","0","pagerankMonolithicSeqL1Norm","5e-8"
"min-1DeadEnd","5","7","0.009","21","5.4391e-8","pagerankLevelwiseSeqL1Norm","5e-8"
"min-1DeadEnd","5","7","0.001","4","0","pagerankMonolithicSeqL2Norm","5e-8"
"min-1DeadEnd","5","7","0.015","21","5.4391e-8","pagerankLevelwiseSeqL2Norm","5e-8"
"min-1DeadEnd","5","7","0.002","4","0","pageranMonolithicSeqLiNorm","5e-8"
"min-1DeadEnd","5","7","0.014","19","2.7627e-7","pageranLevelwiseSeqLiNorm","5e-8"
"min-1DeadEnd","5","7","0.003","4","0","pagerankMonolithicSeqL1Norm","1e-8"
"min-1DeadEnd","5","7","0.012","23","1.0708e-8","pagerankLevelwiseSeqL1Norm","1e-8"
"min-1DeadEnd","5","7","0.002","4","0","pagerankMonolithicSeqL2Norm","1e-8"
"min-1DeadEnd","5","7","0.015","23","1.0708e-8","pagerankLevelwiseSeqL2Norm","1e-8"
"min-1DeadEnd","5","7","0.002","4","0","pageranMonolithicSeqLiNorm","1e-8"
"min-1DeadEnd","5","7","0.01","21","5.4391e-8","pageranLevelwiseSeqLiNorm","1e-8"
"min-1DeadEnd","5","7","0.001","4","0","pagerankMonolithicSeqL1Norm","5e-9"
"min-1DeadEnd","5","7","0.009","24","5.5897e-9","pagerankLevelwiseSeqL1Norm","5e-9"
"min-1DeadEnd","5","7","0.001","4","0","pagerankMonolithicSeqL2Norm","5e-9"
"min-1DeadEnd","5","7","0.01","24","5.5897e-9","pagerankLevelwiseSeqL2Norm","5e-9"
"min-1DeadEnd","5","7","0.001","4","0","pageranMonolithicSeqLiNorm","5e-9"
"min-1DeadEnd","5","7","0.009","22","2.4134e-8","pageranLevelwiseSeqLiNorm","5e-9"
"min-1DeadEnd","5","7","0.001","4","0","pagerankMonolithicSeqL1Norm","1e-9"
"min-1DeadEnd","5","7","0.012","26","1.1005e-9","pagerankLevelwiseSeqL1Norm","1e-9"
"min-1DeadEnd","5","7","0.003","4","0","pagerankMonolithicSeqL2Norm","1e-9"
"min-1DeadEnd","5","7","0.016","26","1.1005e-9","pagerankLevelwiseSeqL2Norm","1e-9"
"min-1DeadEnd","5","7","0.002","4","0","pageranMonolithicSeqLiNorm","1e-9"
"min-1DeadEnd","5","7","0.015","24","5.5897e-9","pageranLevelwiseSeqLiNorm","1e-9"
"min-1DeadEnd","5","7","0.003","4","0","pagerankMonolithicSeqL1Norm","5e-10"
"min-1DeadEnd","5","7","0.013","27","4.8829e-10","pagerankLevelwiseSeqL1Norm","5e-10"
"min-1DeadEnd","5","7","0.002","4","0","pagerankMonolithicSeqL2Norm","5e-10"
"min-1DeadEnd","5","7","0.016","27","4.8829e-10","pagerankLevelwiseSeqL2Norm","5e-10"
"min-1DeadEnd","5","7","0.002","4","0","pageranMonolithicSeqLiNorm","5e-10"
"min-1DeadEnd","5","7","0.011","25","2.4802e-9","pageranLevelwiseSeqLiNorm","5e-10"
"min-1DeadEnd","5","7","0.002","4","0","pagerankMonolithicSeqL1Norm","1e-10"
"min-1DeadEnd","5","7","0.016","29","1.131e-10","pagerankLevelwiseSeqL1Norm","1e-10"
"min-1DeadEnd","5","7","0.002","4","0","pagerankMonolithicSeqL2Norm","1e-10"
"min-1DeadEnd","5","7","0.016","29","1.131e-10","pagerankLevelwiseSeqL2Norm","1e-10"
"min-1DeadEnd","5","7","0.002","4","0","pageranMonolithicSeqLiNorm","1e-10"
"min-1DeadEnd","5","7","0.018","27","4.8829e-10","pageranLevelwiseSeqLiNorm","1e-10"
"min-2SCC","8","12","0.001","1","0.40009","pagerankMonolithicSeqL1Norm","1"
"min-2SCC","8","12","0.003","1","0.52405","pagerankLevelwiseSeqL1Norm","1"
"min-2SCC","8","12","0.001","1","0.40009","pagerankMonolithicSeqL2Norm","1"
"min-2SCC","8","12","0.003","1","0.52405","pagerankLevelwiseSeqL2Norm","1"
"min-2SCC","8","12","0.001","1","0.40009","pageranMonolithicSeqLiNorm","1"
"min-2SCC","8","12","0.003","1","0.52405","pageranLevelwiseSeqLiNorm","1"
"min-2SCC","8","12","0.001","1","0.40009","pagerankMonolithicSeqL1Norm","0.5"
"min-2SCC","8","12","0.003","1","0.52405","pagerankLevelwiseSeqL1Norm","0.5"
"min-2SCC","8","12","0.001","1","0.40009","pagerankMonolithicSeqL2Norm","0.5"
"min-2SCC","8","12","0.003","1","0.52405","pagerankLevelwiseSeqL2Norm","0.5"
"min-2SCC","8","12","0.001","1","0.40009","pageranMonolithicSeqLiNorm","0.5"
"min-2SCC","8","12","0.003","1","0.52405","pageranLevelwiseSeqLiNorm","0.5"
"min-2SCC","8","12","0.002","5","0.034808","pagerankMonolithicSeqL1Norm","0.1"
"min-2SCC","8","12","0.003","5","0.061192","pagerankLevelwiseSeqL1Norm","0.1"
"min-2SCC","8","12","0.001","2","0.24957","pagerankMonolithicSeqL2Norm","0.1"
"min-2SCC","8","12","0.004","4","0.12242","pagerankLevelwiseSeqL2Norm","0.1"
"min-2SCC","8","12","0.001","1","0.40009","pageranMonolithicSeqLiNorm","0.1"
"min-2SCC","8","12","0.003","1","0.52405","pageranLevelwiseSeqLiNorm","0.1"
"min-2SCC","8","12","0.001","5","0.034808","pagerankMonolithicSeqL1Norm","0.05"
"min-2SCC","8","12","0.003","6","0.10236","pagerankLevelwiseSeqL1Norm","0.05"
"min-2SCC","8","12","0.001","5","0.034808","pagerankMonolithicSeqL2Norm","0.05"
"min-2SCC","8","12","0.003","5","0.061192","pagerankLevelwiseSeqL2Norm","0.05"
"min-2SCC","8","12","0.001","4","0.062807","pageranMonolithicSeqLiNorm","0.05"
"min-2SCC","8","12","0.003","3","0.2188","pageranLevelwiseSeqLiNorm","0.05"
"min-2SCC","8","12","0.002","10","0.0048759","pagerankMonolithicSeqL1Norm","0.01"
"min-2SCC","8","12","0.004","12","0.01389","pagerankLevelwiseSeqL1Norm","0.01"
"min-2SCC","8","12","0.002","8","0.0081986","pagerankMonolithicSeqL2Norm","0.01"
"min-2SCC","8","12","0.004","10","0.026956","pagerankLevelwiseSeqL2Norm","0.01"
"min-2SCC","8","12","0.001","6","0.026837","pageranMonolithicSeqLiNorm","0.01"
"min-2SCC","8","12","0.003","6","0.073894","pageranLevelwiseSeqLiNorm","0.01"
"min-2SCC","8","12","0.002","11","0.0034588","pagerankMonolithicSeqL1Norm","0.005"
"min-2SCC","8","12","0.004","14","0.010417","pagerankLevelwiseSeqL1Norm","0.005"
"min-2SCC","8","12","0.002","10","0.0048759","pagerankMonolithicSeqL2Norm","0.005"
"min-2SCC","8","12","0.004","12","0.01389","pagerankLevelwiseSeqL2Norm","0.005"
"min-2SCC","8","12","0.002","10","0.0048759","pageranMonolithicSeqLiNorm","0.005"
"min-2SCC","8","12","0.003","8","0.047999","pageranLevelwiseSeqLiNorm","0.005"
"min-2SCC","8","12","0.002","17","0.00047714","pagerankMonolithicSeqL1Norm","0.001"
"min-2SCC","8","12","0.004","20","0.00078225","pagerankLevelwiseSeqL1Norm","0.001"
"min-2SCC","8","12","0.002","15","0.00077313","pagerankMonolithicSeqL2Norm","0.001"
"min-2SCC","8","12","0.004","18","0.0034307","pagerankLevelwiseSeqL2Norm","0.001"
"min-2SCC","8","12","0.002","14","0.00096785","pageranMonolithicSeqLiNorm","0.001"
"min-2SCC","8","12","0.004","14","0.013598","pageranLevelwiseSeqLiNorm","0.001"
"min-2SCC","8","12","0.002","19","0.00023991","pagerankMonolithicSeqL1Norm","0.0005"
"min-2SCC","8","12","0.004","23","0.00036489","pagerankLevelwiseSeqL1Norm","0.0005"
"min-2SCC","8","12","0.002","17","0.00047714","pagerankMonolithicSeqL2Norm","0.0005"
"min-2SCC","8","12","0.004","21","0.0015088","pagerankLevelwiseSeqL2Norm","0.0005"
"min-2SCC","8","12","0.002","16","0.00064808","pageranMonolithicSeqLiNorm","0.0005"
"min-2SCC","8","12","0.004","16","0.0069973","pageranLevelwiseSeqLiNorm","0.0005"
"min-2SCC","8","12","0.002","24","0.000059171","pagerankMonolithicSeqL1Norm","0.0001"
"min-2SCC","8","12","0.004","29","0.00013775","pagerankLevelwiseSeqL1Norm","0.0001"
"min-2SCC","8","12","0.002","23","0.000075662","pagerankMonolithicSeqL2Norm","0.0001"
"min-2SCC","8","12","0.004","27","0.00037055","pagerankLevelwiseSeqL2Norm","0.0001"
"min-2SCC","8","12","0.002","21","0.00012132","pageranMonolithicSeqLiNorm","0.0001"
"min-2SCC","8","12","0.004","22","0.001589","pageranLevelwiseSeqLiNorm","0.0001"
"min-2SCC","8","12","0.002","27","0.000027829","pagerankMonolithicSeqL1Norm","0.00005"
"min-2SCC","8","12","0.004","32","0.000048057","pagerankLevelwiseSeqL1Norm","0.00005"
"min-2SCC","8","12","0.002","25","0.000049568","pagerankMonolithicSeqL2Norm","0.00005"
"min-2SCC","8","12","0.004","30","0.00016955","pagerankLevelwiseSeqL2Norm","0.00005"
"min-2SCC","8","12","0.002","24","0.000059171","pageranMonolithicSeqLiNorm","0.00005"
"min-2SCC","8","12","0.004","24","0.00073432","pageranLevelwiseSeqLiNorm","0.00005"
"min-2SCC","8","12","0.005","33","0.0000037421","pagerankMonolithicSeqL1Norm","0.00001"
"min-2SCC","8","12","0.008","38","0.000015979","pagerankLevelwiseSeqL1Norm","0.00001"
"min-2SCC","8","12","0.004","31","0.0000078033","pagerankMonolithicSeqL2Norm","0.00001"
"min-2SCC","8","12","0.009","36","0.000039891","pagerankLevelwiseSeqL2Norm","0.00001"
"min-2SCC","8","12","0.004","29","0.000012676","pageranMonolithicSeqLiNorm","0.00001"
"min-2SCC","8","12","0.007","31","0.00016627","pageranLevelwiseSeqLiNorm","0.00001"
"min-2SCC","8","12","0.004","35","0.0000027075","pagerankMonolithicSeqL1Norm","0.000005"
"min-2SCC","8","12","0.008","41","0.0000062692","pagerankLevelwiseSeqL1Norm","0.000005"
"min-2SCC","8","12","0.004","33","0.0000037421","pagerankMonolithicSeqL2Norm","0.000005"
"min-2SCC","8","12","0.008","39","0.000018751","pagerankLevelwiseSeqL2Norm","0.000005"
"min-2SCC","8","12","0.004","32","0.0000059686","pageranMonolithicSeqLiNorm","0.000005"
"min-2SCC","8","12","0.007","33","0.000078516","pageranLevelwiseSeqLiNorm","0.000005"
"min-2SCC","8","12","0.005","40","0","pagerankMonolithicSeqL1Norm","0.000001"
"min-2SCC","8","12","0.009","47","0.0000018018","pagerankLevelwiseSeqL1Norm","0.000001"
"min-2SCC","8","12","0.005","38","0.0000014308","pagerankMonolithicSeqL2Norm","0.000001"
"min-2SCC","8","12","0.008","44","0.0000036339","pagerankLevelwiseSeqL2Norm","0.000001"
"min-2SCC","8","12","0.004","37","0.0000011235","pageranMonolithicSeqLiNorm","0.000001"
"min-2SCC","8","12","0.007","40","0.000017359","pageranLevelwiseSeqLiNorm","0.000001"
"min-2SCC","8","12","0.005","43","4.4275e-7","pagerankMonolithicSeqL1Norm","5e-7"
"min-2SCC","8","12","0.009","50","9.5164e-7","pagerankLevelwiseSeqL1Norm","5e-7"
"min-2SCC","8","12","0.005","41","7.2092e-7","pagerankMonolithicSeqL2Norm","5e-7"
"min-2SCC","8","12","0.009","48","0.0000020431","pagerankLevelwiseSeqL2Norm","5e-7"
"min-2SCC","8","12","0.004","40","0","pageranMonolithicSeqLiNorm","5e-7"
"min-2SCC","8","12","0.008","42","0.0000083414","pageranLevelwiseSeqLiNorm","5e-7"
"min-2SCC","8","12","0.005","48","5.5077e-7","pagerankMonolithicSeqL1Norm","1e-7"
"min-2SCC","8","12","0.009","56","6.4271e-7","pagerankLevelwiseSeqL1Norm","1e-7"
"min-2SCC","8","12","0.005","47","4.844e-7","pagerankMonolithicSeqL2Norm","1e-7"
"min-2SCC","8","12","0.009","53","7.173e-7","pagerankLevelwiseSeqL2Norm","1e-7"
"min-2SCC","8","12","0.005","45","6.5574e-7","pageranMonolithicSeqLiNorm","1e-7"
"min-2SCC","8","12","0.009","49","0.0000018078","pageranLevelwiseSeqLiNorm","1e-7"
"min-2SCC","8","12","0.005","51","5.3487e-7","pagerankMonolithicSeqL1Norm","5e-8"
"min-2SCC","8","12","0.01","59","5.937e-7","pagerankLevelwiseSeqL1Norm","5e-8"
"min-2SCC","8","12","0.005","49","5.9391e-7","pagerankMonolithicSeqL2Norm","5e-8"
"min-2SCC","8","12","0.01","57","6.368e-7","pagerankLevelwiseSeqL2Norm","5e-8"
"min-2SCC","8","12","0.005","48","5.5077e-7","pageranMonolithicSeqLiNorm","5e-8"
"min-2SCC","8","12","0.009","52","9.1332e-7","pageranLevelwiseSeqLiNorm","5e-8"
"min-2SCC","8","12","0.069","56","5.5928e-7","pagerankMonolithicSeqL1Norm","1e-8"
"min-2SCC","8","12","0.01","65","5.6866e-7","pagerankLevelwiseSeqL1Norm","1e-8"
"min-2SCC","8","12","0.007","54","5.4554e-7","pagerankMonolithicSeqL2Norm","1e-8"
"min-2SCC","8","12","0.01","62","5.6829e-7","pagerankLevelwiseSeqL2Norm","1e-8"
"min-2SCC","8","12","0.006","53","5.6137e-7","pageranMonolithicSeqLiNorm","1e-8"
"min-2SCC","8","12","0.009","58","6.0041e-7","pageranLevelwiseSeqLiNorm","1e-8"
"min-2SCC","8","12","0.006","59","5.5527e-7","pagerankMonolithicSeqL1Norm","5e-9"
"min-2SCC","8","12","0.01","68","5.6013e-7","pagerankLevelwiseSeqL1Norm","5e-9"
"min-2SCC","8","12","0.006","56","5.5928e-7","pagerankMonolithicSeqL2Norm","5e-9"
"min-2SCC","8","12","0.01","65","5.6462e-7","pagerankLevelwiseSeqL2Norm","5e-9"
"min-2SCC","8","12","0.005","56","5.5928e-7","pageranMonolithicSeqLiNorm","5e-9"
"min-2SCC","8","12","0.01","61","5.7784e-7","pageranLevelwiseSeqLiNorm","5e-9"
"min-2SCC","8","12","0.007","64","5.5406e-7","pagerankMonolithicSeqL1Norm","1e-9"
"min-2SCC","8","12","0.01","74","5.5538e-7","pagerankLevelwiseSeqL1Norm","1e-9"
"min-2SCC","8","12","0.007","62","5.5374e-7","pagerankMonolithicSeqL2Norm","1e-9"
"min-2SCC","8","12","0.011","72","5.557e-7","pagerankLevelwiseSeqL2Norm","1e-9"
"min-2SCC","8","12","0.006","60","5.5521e-7","pageranMonolithicSeqLiNorm","1e-9"
"min-2SCC","8","12","0.01","67","5.5847e-7","pageranLevelwiseSeqLiNorm","1e-9"
"min-2SCC","8","12","0.006","66","5.5419e-7","pagerankMonolithicSeqL1Norm","5e-10"
"min-2SCC","8","12","0.007","76","5.5486e-7","pagerankLevelwiseSeqL1Norm","5e-10"
"min-2SCC","8","12","0.004","65","5.537e-7","pagerankMonolithicSeqL2Norm","5e-10"
"min-2SCC","8","12","0.007","74","5.5503e-7","pagerankLevelwiseSeqL2Norm","5e-10"
"min-2SCC","8","12","0.004","64","5.5406e-7","pageranMonolithicSeqLiNorm","5e-10"
"min-2SCC","8","12","0.007","70","5.5632e-7","pageranLevelwiseSeqLiNorm","5e-10"
"min-2SCC","8","12","0.004","72","5.5402e-7","pagerankMonolithicSeqL1Norm","1e-10"
"min-2SCC","8","12","0.007","83","5.5417e-7","pagerankLevelwiseSeqL1Norm","1e-10"
"min-2SCC","8","12","0.004","70","5.5415e-7","pagerankMonolithicSeqL2Norm","1e-10"
"min-2SCC","8","12","0.007","81","5.5421e-7","pagerankLevelwiseSeqL2Norm","1e-10"
"min-2SCC","8","12","0.004","69","5.5401e-7","pageranMonolithicSeqLiNorm","1e-10"
"min-2SCC","8","12","0.007","76","5.5448e-7","pageranLevelwiseSeqLiNorm","1e-10"
"min-4SCC","21","35","0.002","1","0.33509","pagerankMonolithicSeqL1Norm","1"
"min-4SCC","21","35","0.007","1","0.46615","pagerankLevelwiseSeqL1Norm","1"
"min-4SCC","21","35","0.001","1","0.33509","pagerankMonolithicSeqL2Norm","1"
"min-4SCC","21","35","0.006","1","0.46615","pagerankLevelwiseSeqL2Norm","1"
"min-4SCC","21","35","0.001","1","0.33509","pageranMonolithicSeqLiNorm","1"
"min-4SCC","21","35","0.006","1","0.46615","pageranLevelwiseSeqLiNorm","1"
"min-4SCC","21","35","0.001","1","0.33509","pagerankMonolithicSeqL1Norm","0.5"
"min-4SCC","21","35","0.007","1","0.46615","pagerankLevelwiseSeqL1Norm","0.5"
"min-4SCC","21","35","0.001","1","0.33509","pagerankMonolithicSeqL2Norm","0.5"
"min-4SCC","21","35","0.006","1","0.46615","pagerankLevelwiseSeqL2Norm","0.5"
"min-4SCC","21","35","0.001","1","0.33509","pageranMonolithicSeqLiNorm","0.5"
"min-4SCC","21","35","0.006","1","0.46615","pageranLevelwiseSeqLiNorm","0.5"
"min-4SCC","21","35","0.002","5","0.073296","pagerankMonolithicSeqL1Norm","0.1"
"min-4SCC","21","35","0.007","4","0.13368","pagerankLevelwiseSeqL1Norm","0.1"
"min-4SCC","21","35","0.001","1","0.33509","pagerankMonolithicSeqL2Norm","0.1"
"min-4SCC","21","35","0.007","2","0.18994","pagerankLevelwiseSeqL2Norm","0.1"
"min-4SCC","21","35","0.001","1","0.33509","pageranMonolithicSeqLiNorm","0.1"
"min-4SCC","21","35","0.007","1","0.46615","pageranLevelwiseSeqLiNorm","0.1"
"min-4SCC","21","35","0.002","6","0.053812","pagerankMonolithicSeqL1Norm","0.05"
"min-4SCC","21","35","0.007","5","0.086294","pagerankLevelwiseSeqL1Norm","0.05"
"min-4SCC","21","35","0.002","4","0.10472","pagerankMonolithicSeqL2Norm","0.05"
"min-4SCC","21","35","0.007","4","0.11393","pagerankLevelwiseSeqL2Norm","0.05"
"min-4SCC","21","35","0.001","1","0.33509","pageranMonolithicSeqLiNorm","0.05"
"min-4SCC","21","35","0.006","1","0.46615","pageranLevelwiseSeqLiNorm","0.05"
"min-4SCC","21","35","0.003","12","0.0084241","pagerankMonolithicSeqL1Norm","0.01"
"min-4SCC","21","35","0.008","10","0.026992","pagerankLevelwiseSeqL1Norm","0.01"
"min-4SCC","21","35","0.002","8","0.028031","pagerankMonolithicSeqL2Norm","0.01"
"min-4SCC","21","35","0.008","8","0.046668","pagerankLevelwiseSeqL2Norm","0.01"
"min-4SCC","21","35","0.002","6","0.053812","pageranMonolithicSeqLiNorm","0.01"
"min-4SCC","21","35","0.007","4","0.12135","pageranLevelwiseSeqLiNorm","0.01"
"min-4SCC","21","35","0.003","14","0.0041039","pagerankMonolithicSeqL1Norm","0.005"
"min-4SCC","21","35","0.008","13","0.013594","pagerankLevelwiseSeqL1Norm","0.005"
"min-4SCC","21","35","0.002","10","0.014686","pagerankMonolithicSeqL2Norm","0.005"
"min-4SCC","21","35","0.014","10","0.025578","pagerankLevelwiseSeqL2Norm","0.005"
"min-4SCC","21","35","0.002","9","0.02014","pageranMonolithicSeqLiNorm","0.005"
"min-4SCC","21","35","0.008","6","0.072594","pageranLevelwiseSeqLiNorm","0.005"
"min-4SCC","21","35","0.003","20","0.00059948","pagerankMonolithicSeqL1Norm","0.001"
"min-4SCC","21","35","0.009","20","0.002682","pagerankLevelwiseSeqL1Norm","0.001"
"min-4SCC","21","35","0.003","16","0.0022014","pagerankMonolithicSeqL2Norm","0.001"
"min-4SCC","21","35","0.008","16","0.0068549","pagerankLevelwiseSeqL2Norm","0.001"
"min-4SCC","21","35","0.003","14","0.0041039","pageranMonolithicSeqLiNorm","0.001"
"min-4SCC","21","35","0.008","10","0.019183","pageranLevelwiseSeqLiNorm","0.001"
"min-4SCC","21","35","0.003","23","0.00021037","pagerankMonolithicSeqL1Norm","0.0005"
"min-4SCC","21","35","0.009","23","0.0014567","pagerankLevelwiseSeqL1Norm","0.0005"
"min-4SCC","21","35","0.003","19","0.00080198","pagerankMonolithicSeqL2Norm","0.0005"
"min-4SCC","21","35","0.008","19","0.0038607","pagerankLevelwiseSeqL2Norm","0.0005"
"min-4SCC","21","35","0.003","17","0.0015437","pageranMonolithicSeqLiNorm","0.0005"
"min-4SCC","21","35","0.008","13","0.015038","pageranLevelwiseSeqLiNorm","0.0005"
"min-4SCC","21","35","0.004","28","0.000059609","pagerankMonolithicSeqL1Norm","0.0001"
"min-4SCC","21","35","0.01","30","0.00027308","pagerankLevelwiseSeqL1Norm","0.0001"
"min-4SCC","21","35","0.004","24","0.00016795","pagerankMonolithicSeqL2Norm","0.0001"
"min-4SCC","21","35","0.01","26","0.00068069","pagerankLevelwiseSeqL2Norm","0.0001"
"min-4SCC","21","35","0.003","23","0.00021037","pageranMonolithicSeqLiNorm","0.0001"
"min-4SCC","21","35","0.008","19","0.0039246","pageranLevelwiseSeqLiNorm","0.0001"
"min-4SCC","21","35","0.004","31","0.000025844","pagerankMonolithicSeqL1Norm","0.00005"
"min-4SCC","21","35","0.01","33","0.00014835","pagerankLevelwiseSeqL1Norm","0.00005"
"min-4SCC","21","35","0.004","27","0.000075885","pagerankMonolithicSeqL2Norm","0.00005"
"min-4SCC","21","35","0.01","29","0.00036388","pagerankLevelwiseSeqL2Norm","0.00005"
"min-4SCC","21","35","0.004","25","0.00013336","pageranMonolithicSeqLiNorm","0.00005"
"min-4SCC","21","35","0.009","21","0.0017316","pageranLevelwiseSeqLiNorm","0.00005"
"min-4SCC","21","35","0.005","36","0.0000057948","pagerankMonolithicSeqL1Norm","0.00001"
"min-4SCC","21","35","0.012","39","0.000028509","pagerankLevelwiseSeqL1Norm","0.00001"
"min-4SCC","21","35","0.004","33","0.000015177","pagerankMonolithicSeqL2Norm","0.00001"
"min-4SCC","21","35","0.011","36","0.000076521","pagerankLevelwiseSeqL2Norm","0.00001"
"min-4SCC","21","35","0.004","31","0.000025844","pageranMonolithicSeqLiNorm","0.00001"
"min-4SCC","21","35","0.009","28","0.00046375","pageranLevelwiseSeqLiNorm","0.00001"
"min-4SCC","21","35","0.005","39","0.0000032383","pagerankMonolithicSeqL1Norm","0.000005"
"min-4SCC","21","35","0.011","42","0.000015083","pagerankLevelwiseSeqL1Norm","0.000005"
"min-4SCC","21","35","0.005","35","0.0000094024","pagerankMonolithicSeqL2Norm","0.000005"
"min-4SCC","21","35","0.011","39","0.000040084","pagerankLevelwiseSeqL2Norm","0.000005"
"min-4SCC","21","35","0.005","34","0.000011397","pageranMonolithicSeqLiNorm","0.000005"
"min-4SCC","21","35","0.01","31","0.00024279","pageranLevelwiseSeqLiNorm","0.000005"
"min-4SCC","21","35","0.005","45","0","pagerankMonolithicSeqL1Norm","0.000001"
"min-4SCC","21","35","0.012","50","0.0000031604","pagerankLevelwiseSeqL1Norm","0.000001"
"min-4SCC","21","35","0.005","41","0.0000011181","pagerankMonolithicSeqL2Norm","0.000001"
"min-4SCC","21","35","0.012","46","0.0000078121","pagerankLevelwiseSeqL2Norm","0.000001"
"min-4SCC","21","35","0.005","40","0.0000016365","pageranMonolithicSeqLiNorm","0.000001"
"min-4SCC","21","35","0.011","38","0.000047296","pageranLevelwiseSeqLiNorm","0.000001"
"min-4SCC","21","35","0.006","48","5.8764e-7","pagerankMonolithicSeqL1Norm","5e-7"
"min-4SCC","21","35","0.013","53","0.0000014736","pagerankLevelwiseSeqL1Norm","5e-7"
"min-4SCC","21","35","0.015","44","8.5076e-7","pagerankMonolithicSeqL2Norm","5e-7"
"min-4SCC","21","35","0.013","49","0.0000035805","pagerankLevelwiseSeqL2Norm","5e-7"
"min-4SCC","21","35","0.005","42","0.0000012754","pageranMonolithicSeqLiNorm","5e-7"
"min-4SCC","21","35","0.011","41","0.000024911","pageranLevelwiseSeqLiNorm","5e-7"
"min-4SCC","21","35","0.006","53","4.3097e-7","pagerankMonolithicSeqL1Norm","1e-7"
"min-4SCC","21","35","0.013","60","5.8069e-7","pagerankLevelwiseSeqL1Norm","1e-7"
"min-4SCC","21","35","0.006","50","4.6694e-7","pagerankMonolithicSeqL2Norm","1e-7"
"min-4SCC","21","35","0.022","56","8.8111e-7","pagerankLevelwiseSeqL2Norm","1e-7"
"min-4SCC","21","35","0.006","48","5.8764e-7","pageranMonolithicSeqLiNorm","1e-7"
"min-4SCC","21","35","0.012","48","0.0000047957","pageranLevelwiseSeqLiNorm","1e-7"
"min-4SCC","21","35","0.007","56","4.7231e-7","pagerankMonolithicSeqL1Norm","5e-8"
"min-4SCC","21","35","0.013","63","4.9822e-7","pagerankLevelwiseSeqL1Norm","5e-8"
"min-4SCC","21","35","0.006","52","5.0451e-7","pagerankMonolithicSeqL2Norm","5e-8"
"min-4SCC","21","35","0.014","59","6.0862e-7","pagerankLevelwiseSeqL2Norm","5e-8"
"min-4SCC","21","35","0.006","50","4.6694e-7","pageranMonolithicSeqLiNorm","5e-8"
"min-4SCC","21","35","0.012","50","0.000002043","pageranLevelwiseSeqLiNorm","5e-8"
"min-4SCC","21","35","0.007","61","4.5487e-7","pagerankMonolithicSeqL1Norm","1e-8"
"min-4SCC","21","35","0.014","70","4.5558e-7","pagerankLevelwiseSeqL1Norm","1e-8"
"min-4SCC","21","35","0.007","58","4.4726e-7","pagerankMonolithicSeqL2Norm","1e-8"
"min-4SCC","21","35","0.014","66","4.6439e-7","pagerankLevelwiseSeqL2Norm","1e-8"
"min-4SCC","21","35","0.007","57","4.492e-7","pageranMonolithicSeqLiNorm","1e-8"
"min-4SCC","21","35","0.013","57","6.8397e-7","pageranLevelwiseSeqLiNorm","1e-8"
"min-4SCC","21","35","0.007","64","4.588e-7","pagerankMonolithicSeqL1Norm","5e-9"
"min-4SCC","21","35","0.015","73","4.572e-7","pagerankLevelwiseSeqL1Norm","5e-9"
"min-4SCC","21","35","0.007","60","4.627e-7","pagerankMonolithicSeqL2Norm","5e-9"
"min-4SCC","21","35","0.015","69","4.5981e-7","pagerankLevelwiseSeqL2Norm","5e-9"
"min-4SCC","21","35","0.007","59","4.5974e-7","pageranMonolithicSeqLiNorm","5e-9"
"min-4SCC","21","35","0.014","61","5.5609e-7","pageranLevelwiseSeqLiNorm","5e-9"
"min-4SCC","21","35","0.008","70","4.5593e-7","pagerankMonolithicSeqL1Norm","1e-9"
"min-4SCC","21","35","0.016","80","4.5645e-7","pagerankLevelwiseSeqL1Norm","1e-9"
"min-4SCC","21","35","0.008","66","4.5495e-7","pagerankMonolithicSeqL2Norm","1e-9"
"min-4SCC","21","35","0.015","76","4.5737e-7","pagerankLevelwiseSeqL2Norm","1e-9"
"min-4SCC","21","35","0.007","65","4.5619e-7","pageranMonolithicSeqLiNorm","1e-9"
"min-4SCC","21","35","0.014","67","4.5691e-7","pageranLevelwiseSeqLiNorm","1e-9"
"min-4SCC","21","35","0.008","73","4.5644e-7","pagerankMonolithicSeqL1Norm","5e-10"
"min-4SCC","21","35","0.015","83","4.5645e-7","pagerankLevelwiseSeqL1Norm","5e-10"
"min-4SCC","21","35","0.008","69","4.5643e-7","pagerankMonolithicSeqL2Norm","5e-10"
"min-4SCC","21","35","0.016","79","4.5676e-7","pagerankLevelwiseSeqL2Norm","5e-10"
"min-4SCC","21","35","0.007","67","4.5639e-7","pageranMonolithicSeqLiNorm","5e-10"
"min-4SCC","21","35","0.014","70","4.5714e-7","pageranLevelwiseSeqLiNorm","5e-10"
"min-4SCC","21","35","0.008","78","4.5635e-7","pagerankMonolithicSeqL1Norm","1e-10"
"min-4SCC","21","35","0.017","90","4.5639e-7","pagerankLevelwiseSeqL1Norm","1e-10"
"min-4SCC","21","35","0.009","75","4.5633e-7","pagerankMonolithicSeqL2Norm","1e-10"
"min-4SCC","21","35","0.017","86","4.5644e-7","pagerankLevelwiseSeqL2Norm","1e-10"
"min-4SCC","21","35","0.008","73","4.5644e-7","pageranMonolithicSeqLiNorm","1e-10"
"min-4SCC","21","35","0.015","77","4.5635e-7","pageranLevelwiseSeqLiNorm","1e-10"
"min-NvgraphEx","6","11","0.001","1","0.18622","pagerankMonolithicSeqL1Norm","1"
"min-NvgraphEx","6","11","0.005","1","0.28066","pagerankLevelwiseSeqL1Norm","1"
"min-NvgraphEx","6","11","0.001","1","0.18622","pagerankMonolithicSeqL2Norm","1"
"min-NvgraphEx","6","11","0.004","1","0.28066","pagerankLevelwiseSeqL2Norm","1"
"min-NvgraphEx","6","11","0.001","1","0.18622","pageranMonolithicSeqLiNorm","1"
"min-NvgraphEx","6","11","0.004","1","0.28066","pageranLevelwiseSeqLiNorm","1"
"min-NvgraphEx","6","11","0.001","1","0.18622","pagerankMonolithicSeqL1Norm","0.5"
"min-NvgraphEx","6","11","0.005","1","0.48605","pagerankLevelwiseSeqL1Norm","0.5"
"min-NvgraphEx","6","11","0.001","1","0.18622","pagerankMonolithicSeqL2Norm","0.5"
"min-NvgraphEx","6","11","0.005","1","0.48605","pagerankLevelwiseSeqL2Norm","0.5"
"min-NvgraphEx","6","11","0.001","1","0.18622","pageranMonolithicSeqLiNorm","0.5"
"min-NvgraphEx","6","11","0.004","1","0.28066","pageranLevelwiseSeqLiNorm","0.5"
"min-NvgraphEx","6","11","0.001","3","0.02752","pagerankMonolithicSeqL1Norm","0.1"
"min-NvgraphEx","6","11","0.005","3","0.067645","pagerankLevelwiseSeqL1Norm","0.1"
"min-NvgraphEx","6","11","0.002","2","0.085872","pagerankMonolithicSeqL2Norm","0.1"
"min-NvgraphEx","6","11","0.005","3","0.099574","pagerankLevelwiseSeqL2Norm","0.1"
"min-NvgraphEx","6","11","0.001","2","0.085872","pageranMonolithicSeqLiNorm","0.1"
"min-NvgraphEx","6","11","0.004","1","0.34271","pageranLevelwiseSeqLiNorm","0.1"
"min-NvgraphEx","6","11","0.001","4","0.013584","pagerankMonolithicSeqL1Norm","0.05"
"min-NvgraphEx","6","11","0.005","5","0.053143","pagerankLevelwiseSeqL1Norm","0.05"
"min-NvgraphEx","6","11","0.001","3","0.02752","pagerankMonolithicSeqL2Norm","0.05"
"min-NvgraphEx","6","11","0.005","4","0.090448","pagerankLevelwiseSeqL2Norm","0.05"
"min-NvgraphEx","6","11","0.001","2","0.085872","pageranMonolithicSeqLiNorm","0.05"
"min-NvgraphEx","6","11","0.004","2","0.15411","pageranLevelwiseSeqLiNorm","0.05"
"min-NvgraphEx","6","11","0.002","6","0.0022217","pagerankMonolithicSeqL1Norm","0.01"
"min-NvgraphEx","6","11","0.005","8","0.028223","pagerankLevelwiseSeqL1Norm","0.01"
"min-NvgraphEx","6","11","0.001","5","0.0046922","pagerankMonolithicSeqL2Norm","0.01"
"min-NvgraphEx","6","11","0.005","7","0.035942","pagerankLevelwiseSeqL2Norm","0.01"
"min-NvgraphEx","6","11","0.001","4","0.013584","pageranMonolithicSeqLiNorm","0.01"
"min-NvgraphEx","6","11","0.005","4","0.068616","pageranLevelwiseSeqLiNorm","0.01"
"min-NvgraphEx","6","11","0.002","7","0.00081388","pagerankMonolithicSeqL1Norm","0.005"
"min-NvgraphEx","6","11","0.005","11","0.01566","pagerankLevelwiseSeqL1Norm","0.005"
"min-NvgraphEx","6","11","0.001","6","0.0022217","pagerankMonolithicSeqL2Norm","0.005"
"min-NvgraphEx","6","11","0.005","9","0.026184","pagerankLevelwiseSeqL2Norm","0.005"
"min-NvgraphEx","6","11","0.001","5","0.0046922","pageranMonolithicSeqLiNorm","0.005"
"min-NvgraphEx","6","11","0.005","6","0.037951","pageranLevelwiseSeqLiNorm","0.005"
"min-NvgraphEx","6","11","0.002","8","0.00037346","pagerankMonolithicSeqL1Norm","0.001"
"min-NvgraphEx","6","11","0.005","18","0.0029367","pagerankLevelwiseSeqL1Norm","0.001"
"min-NvgraphEx","6","11","0.001","8","0.00037346","pagerankMonolithicSeqL2Norm","0.001"
"min-NvgraphEx","6","11","0.005","16","0.0050986","pagerankLevelwiseSeqL2Norm","0.001"
"min-NvgraphEx","6","11","0.002","8","0.00037346","pageranMonolithicSeqLiNorm","0.001"
"min-NvgraphEx","6","11","0.005","11","0.012166","pageranLevelwiseSeqLiNorm","0.001"
"min-NvgraphEx","6","11","0.002","9","0.00014285","pagerankMonolithicSeqL1Norm","0.0005"
"min-NvgraphEx","6","11","0.006","21","0.0015045","pagerankLevelwiseSeqL1Norm","0.0005"
"min-NvgraphEx","6","11","0.001","9","0.00014285","pagerankMonolithicSeqL2Norm","0.0005"
"min-NvgraphEx","6","11","0.006","19","0.0025845","pagerankLevelwiseSeqL2Norm","0.0005"
"min-NvgraphEx","6","11","0.002","8","0.00037346","pageranMonolithicSeqLiNorm","0.0005"
"min-NvgraphEx","6","11","0.005","14","0.0070387","pageranLevelwiseSeqLiNorm","0.0005"
"min-NvgraphEx","6","11","0.002","11","0.000025197","pagerankMonolithicSeqL1Norm","0.0001"
"min-NvgraphEx","6","11","0.006","28","0.0003327","pagerankLevelwiseSeqL1Norm","0.0001"
"min-NvgraphEx","6","11","0.002","11","0.000025197","pagerankMonolithicSeqL2Norm","0.0001"
"min-NvgraphEx","6","11","0.006","26","0.00054132","pagerankLevelwiseSeqL2Norm","0.0001"
"min-NvgraphEx","6","11","0.002","10","0.000064199","pageranMonolithicSeqLiNorm","0.0001"
"min-NvgraphEx","6","11","0.005","21","0.0011517","pageranLevelwiseSeqLiNorm","0.0001"
"min-NvgraphEx","6","11","0.002","12","0.000011297","pagerankMonolithicSeqL1Norm","0.00005"
"min-NvgraphEx","6","11","0.006","31","0.00014558","pagerankLevelwiseSeqL1Norm","0.00005"
"min-NvgraphEx","6","11","0.002","12","0.000011297","pagerankMonolithicSeqL2Norm","0.00005"
"min-NvgraphEx","6","11","0.006","29","0.00025823","pagerankLevelwiseSeqL2Norm","0.00005"
"min-NvgraphEx","6","11","0.002","11","0.000025197","pageranMonolithicSeqLiNorm","0.00005"
"min-NvgraphEx","6","11","0.006","24","0.00069592","pageranLevelwiseSeqLiNorm","0.00005"
"min-NvgraphEx","6","11","0.002","14","0.0000020981","pagerankMonolithicSeqL1Norm","0.00001"
"min-NvgraphEx","6","11","0.011","38","0.000033138","pagerankLevelwiseSeqL1Norm","0.00001"
"min-NvgraphEx","6","11","0.003","13","0.0000043736","pagerankMonolithicSeqL2Norm","0.00001"
"min-NvgraphEx","6","11","0.016","36","0.000057925","pagerankLevelwiseSeqL2Norm","0.00001"
"min-NvgraphEx","6","11","0.003","13","0.0000043736","pageranMonolithicSeqLiNorm","0.00001"
"min-NvgraphEx","6","11","0.011","31","0.00010941","pageranLevelwiseSeqLiNorm","0.00001"
"min-NvgraphEx","6","11","0.003","15","6.6387e-7","pagerankMonolithicSeqL1Norm","0.000005"
"min-NvgraphEx","6","11","0.012","41","0.000015045","pagerankLevelwiseSeqL1Norm","0.000005"
"min-NvgraphEx","6","11","0.003","14","0.0000020981","pagerankMonolithicSeqL2Norm","0.000005"
"min-NvgraphEx","6","11","0.012","39","0.000026842","pagerankLevelwiseSeqL2Norm","0.000005"
"min-NvgraphEx","6","11","0.004","14","0.0000020981","pageranMonolithicSeqLiNorm","0.000005"
"min-NvgraphEx","6","11","0.011","34","0.000068661","pageranLevelwiseSeqLiNorm","0.000005"
"min-NvgraphEx","6","11","0.003","17","0","pagerankMonolithicSeqL1Norm","0.000001"
"min-NvgraphEx","6","11","0.011","48","0.0000032734","pagerankLevelwiseSeqL1Norm","0.000001"
"min-NvgraphEx","6","11","0.004","16","4.7943e-7","pagerankMonolithicSeqL2Norm","0.000001"
"min-NvgraphEx","6","11","0.012","47","0.0000054792","pagerankLevelwiseSeqL2Norm","0.000001"
"min-NvgraphEx","6","11","0.004","16","4.7943e-7","pageranMonolithicSeqLiNorm","0.000001"
"min-NvgraphEx","6","11","0.011","42","0.00001497","pageranLevelwiseSeqLiNorm","0.000001"
"min-NvgraphEx","6","11","0.003","17","0","pagerankMonolithicSeqL1Norm","5e-7"
"min-NvgraphEx","6","11","0.012","52","0.0000013348","pagerankLevelwiseSeqL1Norm","5e-7"
"min-NvgraphEx","6","11","0.003","17","0","pagerankMonolithicSeqL2Norm","5e-7"
"min-NvgraphEx","6","11","0.011","50","0.0000023198","pagerankLevelwiseSeqL2Norm","5e-7"
"min-NvgraphEx","6","11","0.003","17","0","pageranMonolithicSeqLiNorm","5e-7"
"min-NvgraphEx","6","11","0.015","44","0.0000078753","pageranLevelwiseSeqLiNorm","5e-7"
"min-NvgraphEx","6","11","0.003","19","1.1916e-7","pagerankMonolithicSeqL1Norm","1e-7"
"min-NvgraphEx","6","11","0.011","58","3.291e-7","pagerankLevelwiseSeqL1Norm","1e-7"
"min-NvgraphEx","6","11","0.003","19","1.1916e-7","pagerankMonolithicSeqL2Norm","1e-7"
"min-NvgraphEx","6","11","0.013","57","5.4408e-7","pagerankLevelwiseSeqL2Norm","1e-7"
"min-NvgraphEx","6","11","0.003","18","2.0287e-7","pageranMonolithicSeqLiNorm","1e-7"
"min-NvgraphEx","6","11","0.012","52","0.0000014907","pageranLevelwiseSeqLiNorm","1e-7"
"min-NvgraphEx","6","11","0.002","20","1.5591e-7","pagerankMonolithicSeqL1Norm","5e-8"
"min-NvgraphEx","6","11","0.008","62","2.1407e-7","pagerankLevelwiseSeqL1Norm","5e-8"
"min-NvgraphEx","6","11","0.002","20","1.5591e-7","pagerankMonolithicSeqL2Norm","5e-8"
"min-NvgraphEx","6","11","0.008","60","3.0113e-7","pagerankLevelwiseSeqL2Norm","5e-8"
"min-NvgraphEx","6","11","0.002","19","1.1916e-7","pageranMonolithicSeqLiNorm","5e-8"
"min-NvgraphEx","6","11","0.007","54","7.7041e-7","pageranLevelwiseSeqLiNorm","5e-8"
"min-NvgraphEx","6","11","0.002","22","1.4725e-7","pagerankMonolithicSeqL1Norm","1e-8"
"min-NvgraphEx","6","11","0.008","69","1.5474e-7","pagerankLevelwiseSeqL1Norm","1e-8"
"min-NvgraphEx","6","11","0.002","22","1.4725e-7","pagerankMonolithicSeqL2Norm","1e-8"
"min-NvgraphEx","6","11","0.014","67","1.6724e-7","pagerankLevelwiseSeqL2Norm","1e-8"
"min-NvgraphEx","6","11","0.004","21","1.406e-7","pageranMonolithicSeqLiNorm","1e-8"
"min-NvgraphEx","6","11","0.013","62","2.4097e-7","pageranLevelwiseSeqLiNorm","1e-8"
"min-NvgraphEx","6","11","0.003","23","1.4446e-7","pagerankMonolithicSeqL1Norm","5e-9"
"min-NvgraphEx","6","11","0.014","72","1.484e-7","pagerankLevelwiseSeqL1Norm","5e-9"
"min-NvgraphEx","6","11","0.004","22","1.4725e-7","pagerankMonolithicSeqL2Norm","5e-9"
"min-NvgraphEx","6","11","0.015","70","1.52e-7","pagerankLevelwiseSeqL2Norm","5e-9"
"min-NvgraphEx","6","11","0.003","22","1.4725e-7","pageranMonolithicSeqLiNorm","5e-9"
"min-NvgraphEx","6","11","0.01","65","1.7276e-7","pageranLevelwiseSeqLiNorm","5e-9"
"min-NvgraphEx","6","11","0.002","25","1.4516e-7","pagerankMonolithicSeqL1Norm","1e-9"
"min-NvgraphEx","6","11","0.009","79","1.4524e-7","pagerankLevelwiseSeqL1Norm","1e-9"
"min-NvgraphEx","6","11","0.002","24","1.4566e-7","pagerankMonolithicSeqL2Norm","1e-9"
"min-NvgraphEx","6","11","0.009","77","1.4513e-7","pagerankLevelwiseSeqL2Norm","1e-9"
"min-NvgraphEx","6","11","0.002","24","1.4566e-7","pageranMonolithicSeqLiNorm","1e-9"
"min-NvgraphEx","6","11","0.016","72","1.4765e-7","pageranLevelwiseSeqLiNorm","1e-9"
"min-NvgraphEx","6","11","0.004","26","1.4537e-7","pagerankMonolithicSeqL1Norm","5e-10"
"min-NvgraphEx","6","11","0.016","82","1.4509e-7","pagerankLevelwiseSeqL1Norm","5e-10"
"min-NvgraphEx","6","11","0.004","25","1.4516e-7","pagerankMonolithicSeqL2Norm","5e-10"
"min-NvgraphEx","6","11","0.01","80","1.4489e-7","pagerankLevelwiseSeqL2Norm","5e-10"
"min-NvgraphEx","6","11","0.002","25","1.4516e-7","pageranMonolithicSeqLiNorm","5e-10"
"min-NvgraphEx","6","11","0.008","75","1.451e-7","pageranLevelwiseSeqLiNorm","5e-10"
"min-NvgraphEx","6","11","0.002","27","1.4528e-7","pagerankMonolithicSeqL1Norm","1e-10"
"min-NvgraphEx","6","11","0.009","89","1.4524e-7","pagerankLevelwiseSeqL1Norm","1e-10"
"min-NvgraphEx","6","11","0.002","27","1.4528e-7","pagerankMonolithicSeqL2Norm","1e-10"
"min-NvgraphEx","6","11","0.01","87","1.4526e-7","pagerankLevelwiseSeqL2Norm","1e-10"
"min-NvgraphEx","6","11","0.002","27","1.4528e-7","pageranMonolithicSeqLiNorm","1e-10"
"min-NvgraphEx","6","11","0.015","82","1.4501e-7","pageranLevelwiseSeqLiNorm","1e-10"
